Metric,Filename,Gender,Species,Species_Gender,Measure
Area,'a.tif',Female,DA,DAF,1.351021256
Area,'a1.tif',Female,DA,DAF,1.458831487
Area,'a2.tif',Female,DA,DAF,1.395590915
Area,'b.tif',Female,DA,DAF,1.428001436
Area,'c.tif',Female,DA,DAF,1.274275475
Area,'e.tif',Female,DA,DAF,1.47543236
Area,'f.tif',Female,DA,DAF,1.469928407
Area,'g.tif',Female,DA,DAF,1.240864055
Area,'i.tif',Female,DA,DAF,1.405434733
Area,'k.tif',Female,DA,DAF,1.446281682
Area,'l.tif',Female,DA,DAF,1.453488746
Area,'m.tif',Female,DA,DAF,1.375578877
Area,'n.tif',Female,DA,DAF,1.369953273
Area,'o.tif',Female,DA,DAF,1.233250501
Area,'p.tif',Female,DA,DAF,1.340374345
Area,'q.tif',Female,DA,DAF,1.349504083
Area,'s.tif',Female,DA,DAF,1.457503219
Area,'t.tif',Female,DA,DAF,1.246228556
Area,'v.tif',Female,DA,DAF,1.419284124
Area,'w.tif',Female,DA,DAF,1.33660614
Area,'y.tif',Female,DA,DAF,1.448757225
Area,'z.tif',Female,DA,DAF,1.473737162
PD,'a.tif',Female,DA,DAF,1.71054
PD,'a1.tif',Female,DA,DAF,1.7990505
PD,'a2.tif',Female,DA,DAF,1.776177
PD,'b.tif',Female,DA,DAF,1.792089
PD,'c.tif',Female,DA,DAF,1.6538535
PD,'e.tif',Female,DA,DAF,1.8109845
PD,'f.tif',Female,DA,DAF,1.7901
PD,'g.tif',Female,DA,DAF,1.621035
PD,'i.tif',Female,DA,DAF,1.766232
PD,'k.tif',Female,DA,DAF,1.7751825
PD,'l.tif',Female,DA,DAF,1.784133
PD,'m.tif',Female,DA,DAF,1.7473365
PD,'n.tif',Female,DA,DAF,1.726452
PD,'o.tif',Female,DA,DAF,1.646892
PD,'p.tif',Female,DA,DAF,1.6916445
PD,'q.tif',Female,DA,DAF,1.724463
PD,'s.tif',Female,DA,DAF,1.8010395
PD,'t.tif',Female,DA,DAF,1.6319745
PD,'v.tif',Female,DA,DAF,1.75032
PD,'w.tif',Female,DA,DAF,1.700595
PD,'y.tif',Female,DA,DAF,1.7831385
PD,'z.tif',Female,DA,DAF,1.7851275
AP,'a.tif',Female,DA,DAF,0.8841105
AP,'a1.tif',Female,DA,DAF,0.9358245
AP,'a2.tif',Female,DA,DAF,0.9099675
AP,'b.tif',Female,DA,DAF,0.9099675
AP,'c.tif',Female,DA,DAF,0.861237
AP,'e.tif',Female,DA,DAF,0.9219015
AP,'f.tif',Female,DA,DAF,0.93483
AP,'g.tif',Female,DA,DAF,0.845325
AP,'i.tif',Female,DA,DAF,0.91494
AP,'k.tif',Female,DA,DAF,0.9139455
AP,'l.tif',Female,DA,DAF,0.9119565
AP,'m.tif',Female,DA,DAF,0.891072
AP,'n.tif',Female,DA,DAF,0.9020115
AP,'o.tif',Female,DA,DAF,0.8522865
AP,'p.tif',Female,DA,DAF,0.8741655
AP,'q.tif',Female,DA,DAF,0.8900775
AP,'s.tif',Female,DA,DAF,0.9238905
AP,'t.tif',Female,DA,DAF,0.8562645
AP,'v.tif',Female,DA,DAF,0.9059895
AP,'w.tif',Female,DA,DAF,0.871182
AP,'y.tif',Female,DA,DAF,0.918918
AP,'z.tif',Female,DA,DAF,0.922896
Area,'dmf10_1.tif',Female,DM,DMF,1.140088796
Area,'dmf10_2.tif',Female,DM,DMF,1.120975787
Area,'dmf11_1.tif',Female,DM,DMF,1.095650678
Area,'dmf13_1.tif',Female,DM,DMF,1.295737432
Area,'dmf14_1.tif',Female,DM,DMF,1.553425307
Area,'dmf16_1.tif',Female,DM,DMF,1.366487711
Area,'dmf18_1.tif',Female,DM,DMF,1.297479114
Area,'dmf19_2.tif',Female,DM,DMF,1.325160093
Area,'dmf1_2.tif',Female,DM,DMF,1.436855235
Area,'dmf20_2.tif',Female,DM,DMF,1.238149167
Area,'dmf2_1.tif',Female,DM,DMF,1.341819318
Area,'dmf3_2.tif',Female,DM,DMF,1.445564635
Area,'dmf4_1.tif',Female,DM,DMF,1.411571666
Area,'dmf4_2.tif',Female,DM,DMF,1.443588553
Area,'dmf5_2.tif',Female,DM,DMF,1.226675428
Area,'dmf6_2.tif',Female,DM,DMF,1.47887913
Area,'dmf7_2.tif',Female,DM,DMF,1.553460912
Area,'dmf8_1.tif',Female,DM,DMF,1.42023656
Area,'dmf8_2.tif',Female,DM,DMF,1.41738024
PD,'dmf10_1.tif',Female,DM,DMF,1.5464475
PD,'dmf10_2.tif',Female,DM,DMF,1.5265575
PD,'dmf11_1.tif',Female,DM,DMF,1.557387
PD,'dmf13_1.tif',Female,DM,DMF,1.6896555
PD,'dmf14_1.tif',Female,DM,DMF,1.8209295
PD,'dmf16_1.tif',Female,DM,DMF,1.740375
PD,'dmf18_1.tif',Female,DM,DMF,1.6677765
PD,'dmf19_2.tif',Female,DM,DMF,1.722474
PD,'dmf1_2.tif',Female,DM,DMF,1.7373915
PD,'dmf20_2.tif',Female,DM,DMF,1.676727
PD,'dmf2_1.tif',Female,DM,DMF,1.7155125
PD,'dmf3_2.tif',Female,DM,DMF,1.821924
PD,'dmf4_1.tif',Female,DM,DMF,1.754298
PD,'dmf4_2.tif',Female,DM,DMF,1.77021
PD,'dmf5_2.tif',Female,DM,DMF,1.6498755
PD,'dmf6_2.tif',Female,DM,DMF,1.7970615
PD,'dmf7_2.tif',Female,DM,DMF,1.8308745
PD,'dmf8_1.tif',Female,DM,DMF,1.754298
PD,'dmf8_2.tif',Female,DM,DMF,1.7493255
AP,'dmf10_1.tif',Female,DM,DMF,0.8761545
AP,'dmf10_2.tif',Female,DM,DMF,0.869193
AP,'dmf11_1.tif',Female,DM,DMF,0.8264295
AP,'dmf13_1.tif',Female,DM,DMF,0.9079785
AP,'dmf14_1.tif',Female,DM,DMF,1.0153845
AP,'dmf16_1.tif',Female,DM,DMF,0.9378135
AP,'dmf18_1.tif',Female,DM,DMF,0.9258795
AP,'dmf19_2.tif',Female,DM,DMF,0.918918
AP,'dmf1_2.tif',Female,DM,DMF,0.976599
AP,'dmf20_2.tif',Female,DM,DMF,0.908973
AP,'dmf2_1.tif',Female,DM,DMF,0.936819
AP,'dmf3_2.tif',Female,DM,DMF,0.9537255
AP,'dmf4_1.tif',Female,DM,DMF,0.9636705
AP,'dmf4_2.tif',Female,DM,DMF,0.9596925
AP,'dmf5_2.tif',Female,DM,DMF,0.8900775
AP,'dmf6_2.tif',Female,DM,DMF,1.000467
AP,'dmf7_2.tif',Female,DM,DMF,1.0094175
AP,'dmf8_1.tif',Female,DM,DMF,0.968643
AP,'dmf8_2.tif',Female,DM,DMF,0.980577
Area,'DSF10_1.tif',Female,DS,DSF,1.03043699
Area,'DSF10_2.tif',Female,DS,DSF,1.024374235
Area,'DSF11_1.tif',Female,DS,DSF,1.010266708
Area,'DSF11_2.tif',Female,DS,DSF,1.01712761
Area,'DSF12_1.tif',Female,DS,DSF,1.010147035
Area,'DSF12_2.tif',Female,DS,DSF,1.012574115
Area,'DSF13_2.tif',Female,DS,DSF,1.013739193
Area,'DSF14_1.tif',Female,DS,DSF,0.888326201
Area,'DSF15_1.tif',Female,DS,DSF,0.948323743
Area,'DSF17_2.tif',Female,DS,DSF,1.046004327
Area,'DSF1_1.tif',Female,DS,DSF,0.997688221
Area,'DSF20_1.tif',Female,DS,DSF,0.945831387
Area,'DSF20_2.tif',Female,DS,DSF,0.876723887
Area,'DSF2_1.tif',Female,DS,DSF,1.096339043
Area,'DSF5_1.tif',Female,DS,DSF,0.92576693
Area,'DSF5_2.tif',Female,DS,DSF,0.934984692
Area,'DSF6_1.tif',Female,DS,DSF,0.830226608
Area,'DSF7_2.tif',Female,DS,DSF,0.924244813
Area,'DSF8_2.tif',Female,DS,DSF,0.880289341
PD,'DSF10_1.tif',Female,DS,DSF,1.459926
PD,'DSF10_2.tif',Female,DS,DSF,1.4609205
PD,'DSF11_1.tif',Female,DS,DSF,1.481805
PD,'DSF11_2.tif',Female,DS,DSF,1.4827995
PD,'DSF12_1.tif',Female,DS,DSF,1.463904
PD,'DSF12_2.tif',Female,DS,DSF,1.4430195
PD,'DSF13_2.tif',Female,DS,DSF,1.4808105
PD,'DSF14_1.tif',Female,DS,DSF,1.366443
PD,'DSF15_1.tif',Female,DS,DSF,1.394289
PD,'DSF17_2.tif',Female,DS,DSF,1.5245685
PD,'DSF1_1.tif',Female,DS,DSF,1.4529645
PD,'DSF20_1.tif',Female,DS,DSF,1.4251185
PD,'DSF20_2.tif',Female,DS,DSF,1.422135
PD,'DSF2_1.tif',Female,DS,DSF,1.541475
PD,'DSF5_1.tif',Female,DS,DSF,1.5225795
PD,'DSF5_2.tif',Female,DS,DSF,1.4151735
PD,'DSF6_1.tif',Female,DS,DSF,1.3256685
PD,'DSF7_2.tif',Female,DS,DSF,1.374399
PD,'DSF8_2.tif',Female,DS,DSF,1.364454
AP,'DSF10_1.tif',Female,DS,DSF,0.8244405
AP,'DSF10_2.tif',Female,DS,DSF,0.8144955
AP,'DSF11_1.tif',Female,DS,DSF,0.8144955
AP,'DSF11_2.tif',Female,DS,DSF,0.8025615
AP,'DSF12_1.tif',Female,DS,DSF,0.7906275
AP,'DSF12_2.tif',Female,DS,DSF,0.811512
AP,'DSF13_2.tif',Female,DS,DSF,0.7985835
AP,'DSF14_1.tif',Female,DS,DSF,0.7627815
AP,'DSF15_1.tif',Female,DS,DSF,0.7826715
AP,'DSF17_2.tif',Female,DS,DSF,0.8125065
AP,'DSF1_1.tif',Female,DS,DSF,0.8244405
AP,'DSF20_1.tif',Female,DS,DSF,0.7767045
AP,'DSF20_2.tif',Female,DS,DSF,0.7409025
AP,'DSF2_1.tif',Female,DS,DSF,0.833391
AP,'DSF5_1.tif',Female,DS,DSF,0.7767045
AP,'DSF5_2.tif',Female,DS,DSF,0.779688
AP,'DSF6_1.tif',Female,DS,DSF,0.727974
AP,'DSF7_2.tif',Female,DS,DSF,0.781677
AP,'DSF8_2.tif',Female,DS,DSF,0.7488585
Area,'DVF10_2.tif',Female,DV,DVF,1.193232359
Area,'DVF13_1.tif',Female,DV,DVF,1.311654885
Area,'DVF13_2.tif',Female,DV,DVF,1.380286661
Area,'DVF14_1.tif',Female,DV,DVF,1.335477656
Area,'DVF14_2.tif',Female,DV,DVF,1.334254226
Area,'DVF15_1.tif',Female,DV,DVF,1.279142493
Area,'DVF16_1.tif',Female,DV,DVF,1.329301162
Area,'DVF16_2.tif',Female,DV,DVF,1.305480369
Area,'DVF17_1.tif',Female,DV,DVF,1.196173735
Area,'DVF17_2.tif',Female,DV,DVF,1.230236925
Area,'DVF18_1.tif',Female,DV,DVF,1.462736179
Area,'DVF20_1.tif',Female,DV,DVF,1.376051633
Area,'DVF20_2.tif',Female,DV,DVF,1.413911711
Area,'DVF4_1.tif',Female,DV,DVF,1.407576972
Area,'DVF6_1.tif',Female,DV,DVF,1.396453349
Area,'DVF6_2.tif',Female,DV,DVF,1.367282891
Area,'DVF7_1.tif',Female,DV,DVF,1.393578238
Area,'DVF7_2.tif',Female,DV,DVF,1.405524735
Area,'DVF8_2.tif',Female,DV,DVF,1.035865777
PD,'DVF10_2.tif',Female,DV,DVF,1.613079
PD,'DVF13_1.tif',Female,DV,DVF,1.666782
PD,'DVF13_2.tif',Female,DV,DVF,1.726452
PD,'DVF14_1.tif',Female,DV,DVF,1.698606
PD,'DVF14_2.tif',Female,DV,DVF,1.682694
PD,'DVF15_1.tif',Female,DV,DVF,1.684683
PD,'DVF16_1.tif',Female,DV,DVF,1.7135235
PD,'DVF16_2.tif',Female,DV,DVF,1.672749
PD,'DVF17_1.tif',Female,DV,DVF,1.589211
PD,'DVF17_2.tif',Female,DV,DVF,1.6359525
PD,'DVF18_1.tif',Female,DV,DVF,1.8050175
PD,'DVF20_1.tif',Female,DV,DVF,1.764243
PD,'DVF20_2.tif',Female,DV,DVF,1.782144
PD,'DVF4_1.tif',Female,DV,DVF,1.8010395
PD,'DVF6_1.tif',Female,DV,DVF,1.794078
PD,'DVF6_2.tif',Female,DV,DVF,1.800045
PD,'DVF7_1.tif',Female,DV,DVF,1.744353
PD,'DVF7_2.tif',Female,DV,DVF,1.742364
PD,'DVF8_2.tif',Female,DV,DVF,1.553409
AP,'DVF10_2.tif',Female,DV,DVF,0.825435
AP,'DVF13_1.tif',Female,DV,DVF,0.8721765
AP,'DVF13_2.tif',Female,DV,DVF,0.903006
AP,'DVF14_1.tif',Female,DV,DVF,0.877149
AP,'DVF14_2.tif',Female,DV,DVF,0.89505
AP,'DVF15_1.tif',Female,DV,DVF,0.861237
AP,'DVF16_1.tif',Female,DV,DVF,0.873171
AP,'DVF16_2.tif',Female,DV,DVF,0.867204
AP,'DVF17_1.tif',Female,DV,DVF,0.837369
AP,'DVF17_2.tif',Female,DV,DVF,0.8463195
AP,'DVF18_1.tif',Female,DV,DVF,0.889083
AP,'DVF20_1.tif',Female,DV,DVF,0.8980335
AP,'DVF20_2.tif',Female,DV,DVF,0.9119565
AP,'DVF4_1.tif',Female,DV,DVF,0.897039
AP,'DVF6_1.tif',Female,DV,DVF,0.877149
AP,'DVF6_2.tif',Female,DV,DVF,0.8781435
AP,'DVF7_1.tif',Female,DV,DVF,0.9159345
AP,'DVF7_2.tif',Female,DV,DVF,0.9040005
AP,'DVF8_2.tif',Female,DV,DVF,0.771732
Area,'a.tif',Male,DA,DAM,1.00200336
Area,'a1.tif',Male,DA,DAM,1.119541693
Area,'a2.tif',Male,DA,DAM,1.128597254
Area,'a3.tif',Male,DA,DAM,1.125246419
Area,'a4.tif',Male,DA,DAM,1.154925239
Area,'b.tif',Male,DA,DAM,1.022303206
Area,'c.tif',Male,DA,DAM,1.072560778
Area,'d.tif',Male,DA,DAM,1.091088281
Area,'f.tif',Male,DA,DAM,1.123462209
Area,'g.tif',Male,DA,DAM,1.062384646
Area,'h.tif',Male,DA,DAM,1.058989305
Area,'i.tif',Male,DA,DAM,1.116417346
Area,'j.tif',Male,DA,DAM,1.112522545
Area,'k.tif',Male,DA,DAM,1.077624613
Area,'l.tif',Male,DA,DAM,1.212557021
Area,'m.tif',Male,DA,DAM,1.108291474
Area,'n.tif',Male,DA,DAM,1.097891821
Area,'o.tif',Male,DA,DAM,1.02002448
Area,'p.tif',Male,DA,DAM,1.02024899
Area,'q.tif',Male,DA,DAM,1.00969307
Area,'r.tif',Male,DA,DAM,0.990553357
Area,'s.tif',Male,DA,DAM,1.154453472
Area,'v.tif',Male,DA,DAM,1.04645928
Area,'x.tif',Male,DA,DAM,1.165823363
Area,'y.tif',Male,DA,DAM,1.096246074
Area,'z.tif',Male,DA,DAM,1.100167579
PD,'a.tif',Male,DA,DAM,1.45197
PD,'a1.tif',Male,DA,DAM,1.5484365
PD,'a2.tif',Male,DA,DAM,1.555398
PD,'a3.tif',Male,DA,DAM,1.565343
PD,'a4.tif',Male,DA,DAM,1.575288
PD,'b.tif',Male,DA,DAM,1.4688765
PD,'c.tif',Male,DA,DAM,1.4967225
PD,'d.tif',Male,DA,DAM,1.5265575
PD,'f.tif',Male,DA,DAM,1.561365
PD,'g.tif',Male,DA,DAM,1.51164
PD,'h.tif',Male,DA,DAM,1.483794
PD,'i.tif',Male,DA,DAM,1.579266
PD,'j.tif',Male,DA,DAM,1.553409
PD,'k.tif',Male,DA,DAM,1.523574
PD,'l.tif',Male,DA,DAM,1.6081065
PD,'m.tif',Male,DA,DAM,1.537497
PD,'n.tif',Male,DA,DAM,1.5325245
PD,'o.tif',Male,DA,DAM,1.4648985
PD,'p.tif',Male,DA,DAM,1.4768325
PD,'q.tif',Male,DA,DAM,1.453959
PD,'r.tif',Male,DA,DAM,1.4450085
PD,'s.tif',Male,DA,DAM,1.5683265
PD,'v.tif',Male,DA,DAM,1.4947335
PD,'x.tif',Male,DA,DAM,1.5921945
PD,'y.tif',Male,DA,DAM,1.5285465
PD,'z.tif',Male,DA,DAM,1.5603705
AP,'a.tif',Male,DA,DAM,0.7846605
AP,'a1.tif',Male,DA,DAM,0.8224515
AP,'a2.tif',Male,DA,DAM,0.8284185
AP,'a3.tif',Male,DA,DAM,0.825435
AP,'a4.tif',Male,DA,DAM,0.8443305
AP,'b.tif',Male,DA,DAM,0.789633
AP,'c.tif',Male,DA,DAM,0.8085285
AP,'d.tif',Male,DA,DAM,0.81549
AP,'f.tif',Male,DA,DAM,0.8184735
AP,'g.tif',Male,DA,DAM,0.789633
AP,'h.tif',Male,DA,DAM,0.7956
AP,'i.tif',Male,DA,DAM,0.819468
AP,'j.tif',Male,DA,DAM,0.8085285
AP,'k.tif',Male,DA,DAM,0.81549
AP,'l.tif',Male,DA,DAM,0.85527
AP,'m.tif',Male,DA,DAM,0.8204625
AP,'n.tif',Male,DA,DAM,0.8085285
AP,'o.tif',Male,DA,DAM,0.779688
AP,'p.tif',Male,DA,DAM,0.190944
AP,'q.tif',Male,DA,DAM,0.7707375
AP,'r.tif',Male,DA,DAM,0.7667595
AP,'s.tif',Male,DA,DAM,0.8463195
AP,'v.tif',Male,DA,DAM,0.7965945
AP,'x.tif',Male,DA,DAM,0.8423415
AP,'y.tif',Male,DA,DAM,0.8025615
AP,'z.tif',Male,DA,DAM,0.7956
Area,'DMM10_1.tif',Male,DM,DMM,1.081561942
Area,'DMM11_1.tif',Male,DM,DMM,1.102233663
Area,'DMM12_1.tif',Male,DM,DMM,1.095318364
Area,'DMM12_2.tif',Male,DM,DMM,1.112481006
Area,'DMM13_1.tif',Male,DM,DMM,1.082421409
Area,'DMM13_2.tif',Male,DM,DMM,1.079344536
Area,'DMM14_1.tif',Male,DM,DMM,1.137242367
Area,'DMM14_2.tif',Male,DM,DMM,1.153443672
Area,'DMM15_1.tif',Male,DM,DMM,1.058591715
Area,'DMM16_1.tif',Male,DM,DMM,1.149914812
Area,'DMM16_2.tif',Male,DM,DMM,1.132433702
Area,'DMM17_1.tif',Male,DM,DMM,1.120889741
Area,'DMM18_1.tif',Male,DM,DMM,1.078995409
Area,'DMM19_2.tif',Male,DM,DMM,1.091062567
Area,'DMM1_1.tif',Male,DM,DMM,1.01506746
Area,'DMM1_2.tif',Male,DM,DMM,0.989905542
Area,'DMM20_2.tif',Male,DM,DMM,1.268482725
Area,'DMM2_2.tif',Male,DM,DMM,1.150255038
Area,'DMM3_1.tif',Male,DM,DMM,1.097429943
Area,'DMM5_1.tif',Male,DM,DMM,1.078829252
Area,'DMM5_2.tif',Male,DM,DMM,1.061495507
Area,'DMM6_1.tif',Male,DM,DMM,1.08714304
Area,'DMM6_2.tif',Male,DM,DMM,1.064024458
Area,'DMM7_1.tif',Male,DM,DMM,1.131945121
Area,'DMM9_1.tif',Male,DM,DMM,1.13035575
PD,'DMM10_1.tif',Male,DM,DMM,1.55142
PD,'DMM11_1.tif',Male,DM,DMM,1.5484365
PD,'DMM12_1.tif',Male,DM,DMM,1.5325245
PD,'DMM12_2.tif',Male,DM,DMM,1.533519
PD,'DMM13_1.tif',Male,DM,DMM,1.5424695
PD,'DMM13_2.tif',Male,DM,DMM,1.5484365
PD,'DMM14_1.tif',Male,DM,DMM,1.5544035
PD,'DMM14_2.tif',Male,DM,DMM,1.5563925
PD,'DMM15_1.tif',Male,DM,DMM,1.493739
PD,'DMM16_1.tif',Male,DM,DMM,1.5404805
PD,'DMM16_2.tif',Male,DM,DMM,1.5365025
PD,'DMM17_1.tif',Male,DM,DMM,1.545453
PD,'DMM18_1.tif',Male,DM,DMM,1.517607
PD,'DMM19_2.tif',Male,DM,DMM,1.535508
PD,'DMM1_1.tif',Male,DM,DMM,1.4609205
PD,'DMM1_2.tif',Male,DM,DMM,1.4350635
PD,'DMM20_2.tif',Male,DM,DMM,1.555398
PD,'DMM2_2.tif',Male,DM,DMM,1.5504255
PD,'DMM3_1.tif',Male,DM,DMM,1.5384915
PD,'DMM5_1.tif',Male,DM,DMM,1.515618
PD,'DMM5_2.tif',Male,DM,DMM,1.533519
PD,'DMM6_1.tif',Male,DM,DMM,1.529541
PD,'DMM6_2.tif',Male,DM,DMM,1.5066675
PD,'DMM7_1.tif',Male,DM,DMM,1.5563925
PD,'DMM9_1.tif',Male,DM,DMM,1.555398
AP,'DMM10_1.tif',Male,DM,DMM,0.827424
AP,'DMM11_1.tif',Male,DM,DMM,0.85527
AP,'DMM12_1.tif',Male,DM,DMM,0.843336
AP,'DMM12_2.tif',Male,DM,DMM,0.867204
AP,'DMM13_1.tif',Male,DM,DMM,0.837369
AP,'DMM13_2.tif',Male,DM,DMM,0.8403525
AP,'DMM14_1.tif',Male,DM,DMM,0.873171
AP,'DMM14_2.tif',Male,DM,DMM,0.881127
AP,'DMM15_1.tif',Male,DM,DMM,0.8463195
AP,'DMM16_1.tif',Male,DM,DMM,0.869193
AP,'DMM16_2.tif',Male,DM,DMM,0.8662095
AP,'DMM17_1.tif',Male,DM,DMM,0.8642205
AP,'DMM18_1.tif',Male,DM,DMM,0.845325
AP,'DMM19_2.tif',Male,DM,DMM,0.8582535
AP,'DMM1_1.tif',Male,DM,DMM,0.837369
AP,'DMM1_2.tif',Male,DM,DMM,0.8184735
AP,'DMM20_2.tif',Male,DM,DMM,0.857259
AP,'DMM2_2.tif',Male,DM,DMM,0.885105
AP,'DMM3_1.tif',Male,DM,DMM,0.8622315
AP,'DMM5_1.tif',Male,DM,DMM,0.8502975
AP,'DMM5_2.tif',Male,DM,DMM,0.8483085
AP,'DMM6_1.tif',Male,DM,DMM,0.849303
AP,'DMM6_2.tif',Male,DM,DMM,0.87516
AP,'DMM7_1.tif',Male,DM,DMM,0.8741655
AP,'DMM9_1.tif',Male,DM,DMM,0.873171
Area,'DVM10_1.tif',Male,DV,DVM,1.226269925
Area,'DVM10_2.tif',Male,DV,DVM,1.162686159
Area,'DVM11_1.tif',Male,DV,DVM,1.500389549
Area,'DVM11_2.tif',Male,DV,DVM,1.484331654
Area,'DVM12_1.tif',Male,DV,DVM,1.352256554
Area,'DVM12_2.tif',Male,DV,DVM,1.346740733
Area,'DVM13_1.tif',Male,DV,DVM,1.474603553
Area,'DVM13_2.tif',Male,DV,DVM,1.484650122
Area,'DVM14_1.tif',Male,DV,DVM,1.564901025
Area,'DVM16_1.tif',Male,DV,DVM,1.369810852
Area,'DVM16_2.tif',Male,DV,DVM,1.325580431
Area,'DVM17_1.tif',Male,DV,DVM,1.384521688
Area,'DVM18_1.tif',Male,DV,DVM,1.39615664
Area,'DVM19_1.tif',Male,DV,DVM,1.668305127
Area,'DVM19_2.tif',Male,DV,DVM,1.632146181
Area,'DVM1_1.tif',Male,DV,DVM,1.2558716
Area,'DVM1_2.tif',Male,DV,DVM,1.25219043
Area,'DVM20_1.tif',Male,DV,DVM,1.398371079
Area,'DVM20_2.tif',Male,DV,DVM,1.415028326
Area,'DVM2_2.tif',Male,DV,DVM,1.312048519
Area,'DVM3_1.tif',Male,DV,DVM,1.398749877
Area,'DVM3_2.tif',Male,DV,DVM,1.437541622
Area,'DVM4_2.tif',Male,DV,DVM,1.455052403
Area,'DVM7_1.tif',Male,DV,DVM,1.341712503
Area,'DVM7_2.tif',Male,DV,DVM,1.341642282
Area,'DVM8_1.tif',Male,DV,DVM,1.605893362
Area,'DVM9_1.tif',Male,DV,DVM,1.43282197
Area,'DVM9_2.tif',Male,DV,DVM,1.457439922
PD,'DVM10_1.tif',Male,DV,DVM,1.6160625
PD,'DVM10_2.tif',Male,DV,DVM,1.6240185
PD,'DVM11_1.tif',Male,DV,DVM,1.8109845
PD,'DVM11_2.tif',Male,DV,DVM,1.8030285
PD,'DVM12_1.tif',Male,DV,DVM,1.6836885
PD,'DVM12_2.tif',Male,DV,DVM,1.6717545
PD,'DVM13_1.tif',Male,DV,DVM,1.819935
PD,'DVM13_2.tif',Male,DV,DVM,1.8109845
PD,'DVM14_1.tif',Male,DV,DVM,1.8388305
PD,'DVM16_1.tif',Male,DV,DVM,1.7035785
PD,'DVM16_2.tif',Male,DV,DVM,1.7055675
PD,'DVM17_1.tif',Male,DV,DVM,1.7891055
PD,'DVM18_1.tif',Male,DV,DVM,1.746342
PD,'DVM19_1.tif',Male,DV,DVM,1.8965115
PD,'DVM19_2.tif',Male,DV,DVM,1.875627
PD,'DVM1_1.tif',Male,DV,DVM,1.672749
PD,'DVM1_2.tif',Male,DV,DVM,1.69065
PD,'DVM20_1.tif',Male,DV,DVM,1.752309
PD,'DVM20_2.tif',Male,DV,DVM,1.7731935
PD,'DVM2_2.tif',Male,DV,DVM,1.6896555
PD,'DVM3_1.tif',Male,DV,DVM,1.744353
PD,'DVM3_2.tif',Male,DV,DVM,1.740375
PD,'DVM4_2.tif',Male,DV,DVM,1.815957
PD,'DVM7_1.tif',Male,DV,DVM,1.7075565
PD,'DVM7_2.tif',Male,DV,DVM,1.708551
PD,'DVM8_1.tif',Male,DV,DVM,1.9104345
PD,'DVM9_1.tif',Male,DV,DVM,1.80999
PD,'DVM9_2.tif',Male,DV,DVM,1.825902
AP,'DVM10_1.tif',Male,DV,DVM,0.8383635
AP,'DVM10_2.tif',Male,DV,DVM,0.8323965
AP,'DVM11_1.tif',Male,DV,DVM,0.9258795
AP,'DVM11_2.tif',Male,DV,DVM,0.9119565
AP,'DVM12_1.tif',Male,DV,DVM,0.9020115
AP,'DVM12_2.tif',Male,DV,DVM,0.8960445
AP,'DVM13_1.tif',Male,DV,DVM,0.926874
AP,'DVM13_2.tif',Male,DV,DVM,0.924885
AP,'DVM14_1.tif',Male,DV,DVM,0.95472
AP,'DVM16_1.tif',Male,DV,DVM,0.9000225
AP,'DVM16_2.tif',Male,DV,DVM,0.887094
AP,'DVM17_1.tif',Male,DV,DVM,0.885105
AP,'DVM18_1.tif',Male,DV,DVM,0.887094
AP,'DVM19_1.tif',Male,DV,DVM,0.9935055
AP,'DVM19_2.tif',Male,DV,DVM,0.988533
AP,'DVM1_1.tif',Male,DV,DVM,0.861237
AP,'DVM1_2.tif',Male,DV,DVM,0.8602425
AP,'DVM20_1.tif',Male,DV,DVM,0.908973
AP,'DVM20_2.tif',Male,DV,DVM,0.903006
AP,'DVM2_2.tif',Male,DV,DVM,0.889083
AP,'DVM3_1.tif',Male,DV,DVM,0.910962
AP,'DVM3_2.tif',Male,DV,DVM,0.920907
AP,'DVM4_2.tif',Male,DV,DVM,0.8940555
AP,'DVM7_1.tif',Male,DV,DVM,0.865215
AP,'DVM7_2.tif',Male,DV,DVM,0.87516
AP,'DVM8_1.tif',Male,DV,DVM,0.960687
AP,'DVM9_1.tif',Male,DV,DVM,0.9000225
AP,'DVM9_2.tif',Male,DV,DVM,0.901017
Area,'DSM11_2.tif',Male,DS,DSM,0.74097454
Area,'DSM12_2.tif',Male,DS,DSM,0.868494166
Area,'DSM16_1.tif',Male,DS,DSM,0.803065859
Area,'DSM19_1.tif',Male,DS,DSM,0.73614016
Area,'DSM2_2.tif',Male,DS,DSM,0.7410052
Area,'DSM3_1.tif',Male,DS,DSM,0.761617579
Area,'DSM3_2.tif',Male,DS,DSM,0.791507063
Area,'DSM4_1.tif',Male,DS,DSM,0.729799487
Area,'DSM5_1.tif',Male,DS,DSM,0.785468044
Area,'DSM6_1.tif',Male,DS,DSM,0.732925812
Area,'DSM6_2.tif',Male,DS,DSM,0.789362845
Area,'DSM8_1.tif',Male,DS,DSM,0.828797459
Area,'DSM9_1.tif',Male,DS,DSM,0.817623395
PD,'DSM11_2.tif',Male,DS,DSM,1.2262185
PD,'DSM12_2.tif',Male,DS,DSM,1.342575
PD,'DSM16_1.tif',Male,DS,DSM,1.300806
PD,'DSM19_1.tif',Male,DS,DSM,1.3018005
PD,'DSM2_2.tif',Male,DS,DSM,1.2779325
PD,'DSM3_1.tif',Male,DS,DSM,1.2878775
PD,'DSM3_2.tif',Male,DS,DSM,1.2938445
PD,'DSM4_1.tif',Male,DS,DSM,1.225224
PD,'DSM5_1.tif',Male,DS,DSM,1.3117455
PD,'DSM6_1.tif',Male,DS,DSM,1.2838995
PD,'DSM6_2.tif',Male,DS,DSM,1.2938445
PD,'DSM8_1.tif',Male,DS,DSM,1.316718
PD,'DSM9_1.tif',Male,DS,DSM,1.3097565
AP,'DSM11_2.tif',Male,DS,DSM,0.6991335
AP,'DSM12_2.tif',Male,DS,DSM,0.75582
AP,'DSM16_1.tif',Male,DS,DSM,0.7289685
AP,'DSM19_1.tif',Male,DS,DSM,0.6653205
AP,'DSM2_2.tif',Male,DS,DSM,0.706095
AP,'DSM3_1.tif',Male,DS,DSM,0.727974
AP,'DSM3_2.tif',Male,DS,DSM,0.725985
AP,'DSM4_1.tif',Male,DS,DSM,0.688194
AP,'DSM5_1.tif',Male,DS,DSM,0.7329465
AP,'DSM6_1.tif',Male,DS,DSM,0.6852105
AP,'DSM6_2.tif',Male,DS,DSM,0.720018
AP,'DSM8_1.tif',Male,DS,DSM,0.731952
AP,'DSM9_1.tif',Male,DS,DSM,0.7309575
d1d2,Not_Given,Female,DA,DAF,0.738738739
d1d2,Not_Given,Female,DA,DAF,0.757142857
d1d2,Not_Given,Female,DA,DAF,0.754749568
d1d2,Not_Given,Female,DA,DAF,0.755172414
d1d2,Not_Given,Female,DA,DAF,0.759162304
d1d2,Not_Given,Female,DA,DAF,0.761578045
d1d2,Not_Given,Female,DA,DAF,0.756097561
d1d2,Not_Given,Female,DA,DAF,0.75
d1d2,Not_Given,Female,DA,DAF,0.757264957
d1d2,Not_Given,Female,DA,DAF,0.737967914
d1d2,Not_Given,Female,DM,DMF,0.686792453
d1d2,Not_Given,Female,DM,DMF,0.707446809
d1d2,Not_Given,Female,DM,DMF,0.707530648
d1d2,Not_Given,Female,DM,DMF,0.6910299
d1d2,Not_Given,Female,DM,DMF,0.704467354
d1d2,Not_Given,Female,DM,DMF,0.714285714
d1d2,Not_Given,Female,DM,DMF,0.717902351
d1d2,Not_Given,Female,DM,DMF,0.720430108
d1d2,Not_Given,Female,DM,DMF,0.707275804
d1d2,Not_Given,Female,DM,DMF,0.704545455
d1d2,Not_Given,Female,DS,DSF,0.705494505
d1d2,Not_Given,Female,DS,DSF,0.71714922
d1d2,Not_Given,Female,DS,DSF,0.724941725
d1d2,Not_Given,Female,DS,DSF,0.700636943
d1d2,Not_Given,Female,DS,DSF,0.700787402
d1d2,Not_Given,Female,DS,DSF,0.710359408
d1d2,Not_Given,Female,DS,DSF,0.727835052
d1d2,Not_Given,Female,DS,DSF,0.712184874
d1d2,Not_Given,Female,DS,DSF,0.706860707
d1d2,Not_Given,Female,DS,DSF,0.708677686
d1d2,Not_Given,Female,DV,DVF,0.797556719
d1d2,Not_Given,Female,DV,DVF,0.778181818
d1d2,Not_Given,Female,DV,DVF,0.78659612
d1d2,Not_Given,Female,DV,DVF,0.788944724
d1d2,Not_Given,Female,DV,DVF,0.799331104
d1d2,Not_Given,Female,DV,DVF,0.803571429
d1d2,Not_Given,Female,DV,DVF,0.80420712
d1d2,Not_Given,Female,DV,DVF,0.803921569
d1d2,Not_Given,Female,DV,DVF,0.791018998
d1d2,Not_Given,Female,DV,DVF,0.781512605
d1d2,Not_Given,Male,DA,DAM,0.74501992
d1d2,Not_Given,Male,DA,DAM,0.728571429
d1d2,Not_Given,Male,DA,DAM,0.737843552
d1d2,Not_Given,Male,DA,DAM,0.728395062
d1d2,Not_Given,Male,DA,DAM,0.724845996
d1d2,Not_Given,Male,DA,DAM,0.750943396
d1d2,Not_Given,Male,DA,DAM,0.745631068
d1d2,Not_Given,Male,DA,DAM,0.730382294
d1d2,Not_Given,Male,DA,DAM,0.733606557
d1d2,Not_Given,Male,DM,DMM,0.679841897
d1d2,Not_Given,Male,DM,DMM,0.65625
d1d2,Not_Given,Male,DM,DMM,0.687763713
d1d2,Not_Given,Male,DM,DMM,0.689108911
d1d2,Not_Given,Male,DM,DMM,0.690802348
d1d2,Not_Given,Male,DM,DMM,0.680894309
d1d2,Not_Given,Male,DM,DMM,0.686507937
d1d2,Not_Given,Male,DM,DMM,0.671428571
d1d2,Not_Given,Male,DM,DMM,0.683026585
d1d2,Not_Given,Male,DM,DMM,0.695740365
d1d2,Not_Given,Male,DS,DSM,0.693045564
d1d2,Not_Given,Male,DS,DSM,0.674074074
d1d2,Not_Given,Male,DS,DSM,0.660049628
d1d2,Not_Given,Male,DS,DSM,0.713270142
d1d2,Not_Given,Male,DS,DSM,0.699052133
d1d2,Not_Given,Male,DS,DSM,0.706024096
d1d2,Not_Given,Male,DS,DSM,0.706161137
d1d2,Not_Given,Male,DS,DSM,0.680904523
d1d2,Not_Given,Male,DS,DSM,0.718592965
d1d2,Not_Given,Male,DS,DSM,0.697674419
d1d2,Not_Given,Male,DV,DVM,0.782677165
d1d2,Not_Given,Male,DV,DVM,0.788553259
d1d2,Not_Given,Male,DV,DVM,0.797406807
d1d2,Not_Given,Male,DV,DVM,0.795952782
d1d2,Not_Given,Male,DV,DVM,0.78
d1d2,Not_Given,Male,DV,DVM,0.79122807
d1d2,Not_Given,Male,DV,DVM,0.773913043
d1d2,Not_Given,Male,DV,DVM,0.781725888
d1d2,Not_Given,Male,DV,DVM,0.785211268
d1d2,Not_Given,Male,DV,DVM,0.777777778
Anterior_Area,Not_Given,Female,DA,DAF,0.42745
Anterior_Area,Not_Given,Female,DA,DAF,0.425115
Anterior_Area,Not_Given,Female,DA,DAF,0.405239
Anterior_Area,Not_Given,Female,DA,DAF,0.418746
Anterior_Area,Not_Given,Female,DA,DAF,0.416342
Anterior_Area,Not_Given,Female,DA,DAF,0.421881
Anterior_Area,Not_Given,Female,DA,DAF,0.429047
Anterior_Area,Not_Given,Female,DA,DAF,0.421572
Anterior_Area,Not_Given,Female,DA,DAF,0.425549
Anterior_Area,Not_Given,Female,DA,DAF,0.422046
Anterior_Area,Not_Given,Female,DA,DAF,0.421759
Posterior_Area,Not_Given,Female,DA,DAF,0.435136
Posterior_Area,Not_Given,Female,DA,DAF,0.436156
Posterior_Area,Not_Given,Female,DA,DAF,0.431428
Posterior_Area,Not_Given,Female,DA,DAF,0.424569
Posterior_Area,Not_Given,Female,DA,DAF,0.430181
Posterior_Area,Not_Given,Female,DA,DAF,0.432555
Posterior_Area,Not_Given,Female,DA,DAF,0.427904
Posterior_Area,Not_Given,Female,DA,DAF,0.430432
Posterior_Area,Not_Given,Female,DA,DAF,0.42715
Posterior_Area,Not_Given,Female,DA,DAF,0.442027
Posterior_Area,Not_Given,Female,DA,DAF,0.434241
P_to_A,Not_Given,Female,DA,DAF,1.017983
P_to_A,Not_Given,Female,DA,DAF,1.025972
P_to_A,Not_Given,Female,DA,DAF,1.064627
P_to_A,Not_Given,Female,DA,DAF,1.013905
P_to_A,Not_Given,Female,DA,DAF,1.03324
P_to_A,Not_Given,Female,DA,DAF,1.0253
P_to_A,Not_Given,Female,DA,DAF,0.997336
P_to_A,Not_Given,Female,DA,DAF,1.021018
P_to_A,Not_Given,Female,DA,DAF,1.003762
P_to_A,Not_Given,Female,DA,DAF,1.047344
P_to_A,Not_Given,Female,DA,DAF,1.029595
Anterior_Area,Not_Given,Female,DM,DMF,0.401527
Anterior_Area,Not_Given,Female,DM,DMF,0.38924
Anterior_Area,Not_Given,Female,DM,DMF,0.41552
Anterior_Area,Not_Given,Female,DM,DMF,0.419066
Anterior_Area,Not_Given,Female,DM,DMF,0.404244
Anterior_Area,Not_Given,Female,DM,DMF,0.410153
Anterior_Area,Not_Given,Female,DM,DMF,0.416522
Anterior_Area,Not_Given,Female,DM,DMF,0.397106
Anterior_Area,Not_Given,Female,DM,DMF,0.421944
Anterior_Area,Not_Given,Female,DM,DMF,0.40943
Anterior_Area,Not_Given,Female,DM,DMF,0.414689
Anterior_Area,Not_Given,Female,DM,DMF,0.412787
Posterior_Area,Not_Given,Female,DM,DMF,0.453841
Posterior_Area,Not_Given,Female,DM,DMF,0.476455
Posterior_Area,Not_Given,Female,DM,DMF,0.454867
Posterior_Area,Not_Given,Female,DM,DMF,0.445067
Posterior_Area,Not_Given,Female,DM,DMF,0.459207
Posterior_Area,Not_Given,Female,DM,DMF,0.445534
Posterior_Area,Not_Given,Female,DM,DMF,0.437095
Posterior_Area,Not_Given,Female,DM,DMF,0.451678
Posterior_Area,Not_Given,Female,DM,DMF,0.445013
Posterior_Area,Not_Given,Female,DM,DMF,0.45448
Posterior_Area,Not_Given,Female,DM,DMF,0.442894
Posterior_Area,Not_Given,Female,DM,DMF,0.45179
P_to_A,Not_Given,Female,DM,DMF,1.130288
P_to_A,Not_Given,Female,DM,DMF,1.224065
P_to_A,Not_Given,Female,DM,DMF,1.094692
P_to_A,Not_Given,Female,DM,DMF,1.062046
P_to_A,Not_Given,Female,DM,DMF,1.135963
P_to_A,Not_Given,Female,DM,DMF,1.086264
P_to_A,Not_Given,Female,DM,DMF,1.049392
P_to_A,Not_Given,Female,DM,DMF,1.137424
P_to_A,Not_Given,Female,DM,DMF,1.054673
P_to_A,Not_Given,Female,DM,DMF,1.110033
P_to_A,Not_Given,Female,DM,DMF,1.068015
P_to_A,Not_Given,Female,DM,DMF,1.094489
Anterior_Area,Not_Given,Female,DS,DSF,0.437155
Anterior_Area,Not_Given,Female,DS,DSF,0.438634
Anterior_Area,Not_Given,Female,DS,DSF,0.431654
Anterior_Area,Not_Given,Female,DS,DSF,0.441387
Anterior_Area,Not_Given,Female,DS,DSF,0.427469
Anterior_Area,Not_Given,Female,DS,DSF,0.428329
Anterior_Area,Not_Given,Female,DS,DSF,0.429573
Anterior_Area,Not_Given,Female,DS,DSF,0.427084
Anterior_Area,Not_Given,Female,DS,DSF,0.431257
Anterior_Area,Not_Given,Female,DS,DSF,0.418288
Anterior_Area,Not_Given,Female,DS,DSF,0.419815
Anterior_Area,Not_Given,Female,DS,DSF,0.4027
Anterior_Area,Not_Given,Female,DS,DSF,0.429799
Anterior_Area,Not_Given,Female,DS,DSF,0.417469
Anterior_Area,Not_Given,Female,DS,DSF,0.408082
Anterior_Area,Not_Given,Female,DS,DSF,0.427588
Anterior_Area,Not_Given,Female,DS,DSF,0.416552
Anterior_Area,Not_Given,Female,DS,DSF,0.422687
Posterior_Area,Not_Given,Female,DS,DSF,0.413056
Posterior_Area,Not_Given,Female,DS,DSF,0.412627
Posterior_Area,Not_Given,Female,DS,DSF,0.413923
Posterior_Area,Not_Given,Female,DS,DSF,0.411628
Posterior_Area,Not_Given,Female,DS,DSF,0.42209
Posterior_Area,Not_Given,Female,DS,DSF,0.411066
Posterior_Area,Not_Given,Female,DS,DSF,0.418233
Posterior_Area,Not_Given,Female,DS,DSF,0.427364
Posterior_Area,Not_Given,Female,DS,DSF,0.400202
Posterior_Area,Not_Given,Female,DS,DSF,0.425482
Posterior_Area,Not_Given,Female,DS,DSF,0.420741
Posterior_Area,Not_Given,Female,DS,DSF,0.433279
Posterior_Area,Not_Given,Female,DS,DSF,0.405112
Posterior_Area,Not_Given,Female,DS,DSF,0.425595
Posterior_Area,Not_Given,Female,DS,DSF,0.434378
Posterior_Area,Not_Given,Female,DS,DSF,0.408351
Posterior_Area,Not_Given,Female,DS,DSF,0.433582
Posterior_Area,Not_Given,Female,DS,DSF,0.420968
P_to_A,Not_Given,Female,DS,DSF,0.944873
P_to_A,Not_Given,Female,DS,DSF,0.940709
P_to_A,Not_Given,Female,DS,DSF,0.958922
P_to_A,Not_Given,Female,DS,DSF,0.932579
P_to_A,Not_Given,Female,DS,DSF,0.987418
P_to_A,Not_Given,Female,DS,DSF,0.959698
P_to_A,Not_Given,Female,DS,DSF,0.9736
P_to_A,Not_Given,Female,DS,DSF,1.000656
P_to_A,Not_Given,Female,DS,DSF,0.927989
P_to_A,Not_Given,Female,DS,DSF,1.0172
P_to_A,Not_Given,Female,DS,DSF,1.002205
P_to_A,Not_Given,Female,DS,DSF,1.075936
P_to_A,Not_Given,Female,DS,DSF,0.942562
P_to_A,Not_Given,Female,DS,DSF,1.019463
P_to_A,Not_Given,Female,DS,DSF,1.06444
P_to_A,Not_Given,Female,DS,DSF,0.955011
P_to_A,Not_Given,Female,DS,DSF,1.040885
P_to_A,Not_Given,Female,DS,DSF,0.995934
Anterior_Area,Not_Given,Female,DV,DVF,0.374433
Anterior_Area,Not_Given,Female,DV,DVF,0.374473
Anterior_Area,Not_Given,Female,DV,DVF,0.3667
Anterior_Area,Not_Given,Female,DV,DVF,0.379648
Anterior_Area,Not_Given,Female,DV,DVF,0.382987
Anterior_Area,Not_Given,Female,DV,DVF,0.366558
Anterior_Area,Not_Given,Female,DV,DVF,0.364504
Anterior_Area,Not_Given,Female,DV,DVF,0.375016
Anterior_Area,Not_Given,Female,DV,DVF,0.362556
Anterior_Area,Not_Given,Female,DV,DVF,0.371734
Anterior_Area,Not_Given,Female,DV,DVF,0.371156
Anterior_Area,Not_Given,Female,DV,DVF,0.38545
Posterior_Area,Not_Given,Female,DV,DVF,0.437151
Posterior_Area,Not_Given,Female,DV,DVF,0.421805
Posterior_Area,Not_Given,Female,DV,DVF,0.446554
Posterior_Area,Not_Given,Female,DV,DVF,0.42934
Posterior_Area,Not_Given,Female,DV,DVF,0.429223
Posterior_Area,Not_Given,Female,DV,DVF,0.428585
Posterior_Area,Not_Given,Female,DV,DVF,0.446885
Posterior_Area,Not_Given,Female,DV,DVF,0.441411
Posterior_Area,Not_Given,Female,DV,DVF,0.440828
Posterior_Area,Not_Given,Female,DV,DVF,0.450003
Posterior_Area,Not_Given,Female,DV,DVF,0.439384
Posterior_Area,Not_Given,Female,DV,DVF,0.418486
P_to_A,Not_Given,Female,DV,DVF,1.167501
P_to_A,Not_Given,Female,DV,DVF,1.126396
P_to_A,Not_Given,Female,DV,DVF,1.217763
P_to_A,Not_Given,Female,DV,DVF,1.130891
P_to_A,Not_Given,Female,DV,DVF,1.120725
P_to_A,Not_Given,Female,DV,DVF,1.169214
P_to_A,Not_Given,Female,DV,DVF,1.226006
P_to_A,Not_Given,Female,DV,DVF,1.177046
P_to_A,Not_Given,Female,DV,DVF,1.215891
P_to_A,Not_Given,Female,DV,DVF,1.210551
P_to_A,Not_Given,Female,DV,DVF,1.183823
P_to_A,Not_Given,Female,DV,DVF,1.085708
Anterior_Area,Not_Given,Male,DA,DAM,0.429645
Anterior_Area,Not_Given,Male,DA,DAM,0.424433
Anterior_Area,Not_Given,Male,DA,DAM,0.432928
Anterior_Area,Not_Given,Male,DA,DAM,0.412102
Anterior_Area,Not_Given,Male,DA,DAM,0.41214
Anterior_Area,Not_Given,Male,DA,DAM,0.413881
Anterior_Area,Not_Given,Male,DA,DAM,0.427175
Anterior_Area,Not_Given,Male,DA,DAM,0.429464
Anterior_Area,Not_Given,Male,DA,DAM,0.429216
Posterior_Area,Not_Given,Male,DA,DAM,0.435128
Posterior_Area,Not_Given,Male,DA,DAM,0.435112
Posterior_Area,Not_Given,Male,DA,DAM,0.42853
Posterior_Area,Not_Given,Male,DA,DAM,0.407638
Posterior_Area,Not_Given,Male,DA,DAM,0.434485
Posterior_Area,Not_Given,Male,DA,DAM,0.417827
Posterior_Area,Not_Given,Male,DA,DAM,0.429603
Posterior_Area,Not_Given,Male,DA,DAM,0.432468
Posterior_Area,Not_Given,Male,DA,DAM,0.421182
P_to_A,Not_Given,Male,DA,DAM,1.012761699
P_to_A,Not_Given,Male,DA,DAM,1.025160626
P_to_A,Not_Given,Male,DA,DAM,0.989841267
P_to_A,Not_Given,Male,DA,DAM,0.98916773
P_to_A,Not_Given,Male,DA,DAM,1.054217014
P_to_A,Not_Given,Male,DA,DAM,1.009534141
P_to_A,Not_Given,Male,DA,DAM,1.005683853
P_to_A,Not_Given,Male,DA,DAM,1.006994766
P_to_A,Not_Given,Male,DA,DAM,0.981282152
Anterior_Area,Not_Given,Male,DM,DMM,0.420754
Anterior_Area,Not_Given,Male,DM,DMM,0.421214
Anterior_Area,Not_Given,Male,DM,DMM,0.413143
Anterior_Area,Not_Given,Male,DM,DMM,0.429272
Anterior_Area,Not_Given,Male,DM,DMM,0.407095
Anterior_Area,Not_Given,Male,DM,DMM,0.408069
Anterior_Area,Not_Given,Male,DM,DMM,0.408829
Anterior_Area,Not_Given,Male,DM,DMM,0.420524
Anterior_Area,Not_Given,Male,DM,DMM,0.416759
Posterior_Area,Not_Given,Male,DM,DMM,0.441956
Posterior_Area,Not_Given,Male,DM,DMM,0.443243
Posterior_Area,Not_Given,Male,DM,DMM,0.451308
Posterior_Area,Not_Given,Male,DM,DMM,0.429398
Posterior_Area,Not_Given,Male,DM,DMM,0.447728
Posterior_Area,Not_Given,Male,DM,DMM,0.448316
Posterior_Area,Not_Given,Male,DM,DMM,0.459901
Posterior_Area,Not_Given,Male,DM,DMM,0.440243
Posterior_Area,Not_Given,Male,DM,DMM,0.448608
P_to_A,Not_Given,Male,DM,DMM,1.050390489
P_to_A,Not_Given,Male,DM,DMM,1.052298831
P_to_A,Not_Given,Male,DM,DMM,1.092377216
P_to_A,Not_Given,Male,DM,DMM,1.00029352
P_to_A,Not_Given,Male,DM,DMM,1.099812083
P_to_A,Not_Given,Male,DM,DMM,1.098627928
P_to_A,Not_Given,Male,DM,DMM,1.124922645
P_to_A,Not_Given,Male,DM,DMM,1.046891497
P_to_A,Not_Given,Male,DM,DMM,1.076420665
Anterior_Area,Not_Given,Male,DS,DSM,0.400209
Anterior_Area,Not_Given,Male,DS,DSM,0.398155
Anterior_Area,Not_Given,Male,DS,DSM,0.386638
Anterior_Area,Not_Given,Male,DS,DSM,0.412301
Anterior_Area,Not_Given,Male,DS,DSM,0.423439
Anterior_Area,Not_Given,Male,DS,DSM,0.424961
Anterior_Area,Not_Given,Male,DS,DSM,0.408486
Anterior_Area,Not_Given,Male,DS,DSM,0.43527
Anterior_Area,Not_Given,Male,DS,DSM,0.436537
Posterior_Area,Not_Given,Male,DS,DSM,0.423462
Posterior_Area,Not_Given,Male,DS,DSM,0.421177
Posterior_Area,Not_Given,Male,DS,DSM,0.462054
Posterior_Area,Not_Given,Male,DS,DSM,0.406114
Posterior_Area,Not_Given,Male,DS,DSM,0.401741
Posterior_Area,Not_Given,Male,DS,DSM,0.431719
Posterior_Area,Not_Given,Male,DS,DSM,0.421158
Posterior_Area,Not_Given,Male,DS,DSM,0.419274
Posterior_Area,Not_Given,Male,DS,DSM,0.421175
P_to_A,Not_Given,Male,DS,DSM,1.058102142
P_to_A,Not_Given,Male,DS,DSM,1.057821703
P_to_A,Not_Given,Male,DS,DSM,1.19505584
P_to_A,Not_Given,Male,DS,DSM,0.984993973
P_to_A,Not_Given,Male,DS,DSM,0.948757672
P_to_A,Not_Given,Male,DS,DSM,1.015902636
P_to_A,Not_Given,Male,DS,DSM,1.031021871
P_to_A,Not_Given,Male,DS,DSM,0.963250396
P_to_A,Not_Given,Male,DS,DSM,0.964809398
Anterior_Area,Not_Given,Male,DV,DVM,0.358433144
Anterior_Area,Not_Given,Male,DV,DVM,0.374592692
Anterior_Area,Not_Given,Male,DV,DVM,0.380891456
Anterior_Area,Not_Given,Male,DV,DVM,0.369827944
Anterior_Area,Not_Given,Male,DV,DVM,0.364551294
Anterior_Area,Not_Given,Male,DV,DVM,0.382438655
Anterior_Area,Not_Given,Male,DV,DVM,0.365468198
Anterior_Area,Not_Given,Male,DV,DVM,0.373355477
Posterior_Area,Not_Given,Male,DV,DVM,0.446893408
Posterior_Area,Not_Given,Male,DV,DVM,0.422738801
Posterior_Area,Not_Given,Male,DV,DVM,0.419851133
Posterior_Area,Not_Given,Male,DV,DVM,0.416653213
Posterior_Area,Not_Given,Male,DV,DVM,0.421535756
Posterior_Area,Not_Given,Male,DV,DVM,0.430784497
Posterior_Area,Not_Given,Male,DV,DVM,0.432510208
Posterior_Area,Not_Given,Male,DV,DVM,0.426740046
P_to_A,Not_Given,Male,DV,DVM,1.246797109
P_to_A,Not_Given,Male,DV,DVM,1.128529229
P_to_A,Not_Given,Male,DV,DVM,1.102285509
P_to_A,Not_Given,Male,DV,DVM,1.126613658
P_to_A,Not_Given,Male,DV,DVM,1.156313977
P_to_A,Not_Given,Male,DV,DVM,1.126414631
P_to_A,Not_Given,Male,DV,DVM,1.183441433
P_to_A,Not_Given,Male,DV,DVM,1.142985899
